{
  "fossil_tag": "Ω_tracker.cme_atlas_alignment.2025",
  "codon_sequence": [
    "ATG",
    "CCC",
    "TTG"
  ],
  "glyphs": [
    "⧖⧖",
    "⧃⧃",
    "⧖⧊"
  ],
  "description": "Anomaly tracking protocol: solar CME alignment with interstellar object 3I/ATLAS based on symbolic Ω amplification framework.",
  "core_equation": "Ω = (CME_state + ATLAS_bias) × α",
  "α_value": 1.017,
  "tracking_parameters": {
    "CME_sources": [
      "NOAA SWPC",
      "SIDC CACTUS",
      "NASA SOHO LASCO",
      "ESA Solar Orbiter"
    ],
    "comet_drift_sources": [
      "JPL Horizons",
      "Minor Planet Center"
    ],
    "alignment_trigger_threshold": 0.8,
    "SE44_gating": {
      "coherence_min": 0.985,
      "entropy_max": 0.01,
      "rms_drift_max": 0.0001
    }
  },
  "activation_protocol": {
    "monitoring_interval": "continuous",
    "flag_condition": "Ω ≥ 0.80",
    "log_output": "timestamped alignment events",
    "fossilize_event_log": true
  },
  "timestamp_utc": "2025-10-23T03:52:38.873340Z",
  "sha256": "64136c94aa59d26e6b4d9c4fbc328af982c2316554e9ce547d13d495e15b1c3a"
}